<?xml version="1.0" encoding="UTF-8"?>
<GenRun Id="impl_1" LaunchPart="xc7a35tcpg236-1" LaunchTime="1747294357">
  <File Type="BITSTR-BMM" Name="Nano_Processer_bd.bmm"/>
  <File Type="OPT-METHODOLOGY-DRC" Name="Nano_Processer_methodology_drc_opted.rpt"/>
  <File Type="INIT-TIMING" Name="Nano_Processer_timing_summary_init.rpt"/>
  <File Type="ROUTE-PWR" Name="Nano_Processer_power_routed.rpt"/>
  <File Type="PA-TCL" Name="Nano_Processer.tcl"/>
  <File Type="OPT-TIMING" Name="Nano_Processer_timing_summary_opted.rpt"/>
  <File Type="OPT-DCP" Name="Nano_Processer_opt.dcp"/>
  <File Type="ROUTE-PWR-SUM" Name="Nano_Processer_power_summary_routed.pb"/>
  <File Type="REPORTS-TCL" Name="Nano_Processer_reports.tcl"/>
  <File Type="OPT-DRC" Name="Nano_Processer_drc_opted.rpt"/>
  <File Type="OPT-HWDEF" Name="Nano_Processer.hwdef"/>
  <File Type="PWROPT-DCP" Name="Nano_Processer_pwropt.dcp"/>
  <File Type="PWROPT-DRC" Name="Nano_Processer_drc_pwropted.rpt"/>
  <File Type="PWROPT-TIMING" Name="Nano_Processer_timing_summary_pwropted.rpt"/>
  <File Type="PLACE-DCP" Name="Nano_Processer_placed.dcp"/>
  <File Type="PLACE-IO" Name="Nano_Processer_io_placed.rpt"/>
  <File Type="PLACE-CLK" Name="Nano_Processer_clock_utilization_placed.rpt"/>
  <File Type="PLACE-UTIL" Name="Nano_Processer_utilization_placed.rpt"/>
  <File Type="PLACE-UTIL-PB" Name="Nano_Processer_utilization_placed.pb"/>
  <File Type="PLACE-CTRL" Name="Nano_Processer_control_sets_placed.rpt"/>
  <File Type="PLACE-SIMILARITY" Name="Nano_Processer_incremental_reuse_placed.rpt"/>
  <File Type="PLACE-PRE-SIMILARITY" Name="Nano_Processer_incremental_reuse_pre_placed.rpt"/>
  <File Type="BG-BGN" Name="Nano_Processer.bgn"/>
  <File Type="PLACE-TIMING" Name="Nano_Processer_timing_summary_placed.rpt"/>
  <File Type="POSTPLACE-PWROPT-DCP" Name="Nano_Processer_postplace_pwropt.dcp"/>
  <File Type="BG-BIN" Name="Nano_Processer.bin"/>
  <File Type="POSTPLACE-PWROPT-TIMING" Name="Nano_Processer_timing_summary_postplace_pwropted.rpt"/>
  <File Type="PHYSOPT-DCP" Name="Nano_Processer_physopt.dcp"/>
  <File Type="PHYSOPT-DRC" Name="Nano_Processer_drc_physopted.rpt"/>
  <File Type="BITSTR-MSK" Name="Nano_Processer.msk"/>
  <File Type="PHYSOPT-TIMING" Name="Nano_Processer_timing_summary_physopted.rpt"/>
  <File Type="ROUTE-ERROR-DCP" Name="Nano_Processer_routed_error.dcp"/>
  <File Type="ROUTE-DCP" Name="Nano_Processer_routed.dcp"/>
  <File Type="ROUTE-BLACKBOX-DCP" Name="Nano_Processer_routed_bb.dcp"/>
  <File Type="ROUTE-DRC" Name="Nano_Processer_drc_routed.rpt"/>
  <File Type="ROUTE-DRC-PB" Name="Nano_Processer_drc_routed.pb"/>
  <File Type="BITSTR-LTX" Name="debug_nets.ltx"/>
  <File Type="BITSTR-LTX" Name="Nano_Processer.ltx"/>
  <File Type="ROUTE-DRC-RPX" Name="Nano_Processer_drc_routed.rpx"/>
  <File Type="BITSTR-MMI" Name="Nano_Processer.mmi"/>
  <File Type="ROUTE-METHODOLOGY-DRC" Name="Nano_Processer_methodology_drc_routed.rpt"/>
  <File Type="ROUTE-METHODOLOGY-DRC-RPX" Name="Nano_Processer_methodology_drc_routed.rpx"/>
  <File Type="BITSTR-SYSDEF" Name="Nano_Processer.sysdef"/>
  <File Type="ROUTE-METHODOLOGY-DRC-PB" Name="Nano_Processer_methodology_drc_routed.pb"/>
  <File Type="ROUTE-PWR-RPX" Name="Nano_Processer_power_routed.rpx"/>
  <File Type="ROUTE-STATUS" Name="Nano_Processer_route_status.rpt"/>
  <File Type="ROUTE-STATUS-PB" Name="Nano_Processer_route_status.pb"/>
  <File Type="ROUTE-TIMINGSUMMARY" Name="Nano_Processer_timing_summary_routed.rpt"/>
  <File Type="ROUTE-TIMING-PB" Name="Nano_Processer_timing_summary_routed.pb"/>
  <File Type="ROUTE-TIMING-RPX" Name="Nano_Processer_timing_summary_routed.rpx"/>
  <File Type="ROUTE-SIMILARITY" Name="Nano_Processer_incremental_reuse_routed.rpt"/>
  <File Type="ROUTE-CLK" Name="Nano_Processer_clock_utilization_routed.rpt"/>
  <File Type="ROUTE-BUS-SKEW" Name="Nano_Processer_bus_skew_routed.rpt"/>
  <File Type="ROUTE-BUS-SKEW-PB" Name="Nano_Processer_bus_skew_routed.pb"/>
  <File Type="ROUTE-BUS-SKEW-RPX" Name="Nano_Processer_bus_skew_routed.rpx"/>
  <File Type="POSTROUTE-PHYSOPT-DCP" Name="Nano_Processer_postroute_physopt.dcp"/>
  <File Type="POSTROUTE-PHYSOPT-BLACKBOX-DCP" Name="Nano_Processer_postroute_physopt_bb.dcp"/>
  <File Type="POSTROUTE-PHYSOPT-TIMING" Name="Nano_Processer_timing_summary_postroute_physopted.rpt"/>
  <File Type="POSTROUTE-PHYSOPT-TIMING-PB" Name="Nano_Processer_timing_summary_postroute_physopted.pb"/>
  <File Type="POSTROUTE-PHYSOPT-TIMING-RPX" Name="Nano_Processer_timing_summary_postroute_physopted.rpx"/>
  <File Type="POSTROUTE-PHYSOPT-BUS-SKEW" Name="Nano_Processer_bus_skew_postroute_physopted.rpt"/>
  <File Type="POSTROUTE-PHYSOPT-BUS-SKEW-PB" Name="Nano_Processer_bus_skew_postroute_physopted.pb"/>
  <File Type="BG-BIT" Name="Nano_Processer.bit"/>
  <File Type="POSTROUTE-PHYSOPT-BUS-SKEW-RPX" Name="Nano_Processer_bus_skew_postroute_physopted.rpx"/>
  <File Type="BITSTR-RBT" Name="Nano_Processer.rbt"/>
  <File Type="BITSTR-NKY" Name="Nano_Processer.nky"/>
  <File Type="BG-DRC" Name="Nano_Processer.drc"/>
  <File Type="RDI-RDI" Name="Nano_Processer.vdi"/>
  <File Type="WBT-USG" Name="usage_statistics_webtalk.html"/>
  <FileSet Name="sources" Type="DesignSrcs" RelSrcDir="$PSRCDIR/sources_1">
    <Filter Type="Srcs"/>
    <File Path="$PSRCDIR/sources_1/new/Add_Sub_Unit_4_bit.vhd">
      <FileInfo>
        <Attr Name="UsedIn" Val="synthesis"/>
        <Attr Name="UsedIn" Val="simulation"/>
      </FileInfo>
    </File>
    <File Path="$PSRCDIR/sources_1/new/BusTypes.vhd">
      <FileInfo>
        <Attr Name="UsedIn" Val="synthesis"/>
        <Attr Name="UsedIn" Val="simulation"/>
      </FileInfo>
    </File>
    <File Path="$PSRCDIR/sources_1/new/Decoder_2_to_4.vhd">
      <FileInfo>
        <Attr Name="UsedIn" Val="synthesis"/>
        <Attr Name="UsedIn" Val="simulation"/>
      </FileInfo>
    </File>
    <File Path="$PSRCDIR/sources_1/new/Decoder_3_to_8.vhd">
      <FileInfo>
        <Attr Name="UsedIn" Val="synthesis"/>
        <Attr Name="UsedIn" Val="simulation"/>
      </FileInfo>
    </File>
    <File Path="$PSRCDIR/sources_1/new/FA.vhd">
      <FileInfo>
        <Attr Name="UsedIn" Val="synthesis"/>
        <Attr Name="UsedIn" Val="simulation"/>
      </FileInfo>
    </File>
    <File Path="$PSRCDIR/sources_1/new/HA.vhd">
      <FileInfo>
        <Attr Name="UsedIn" Val="synthesis"/>
        <Attr Name="UsedIn" Val="simulation"/>
      </FileInfo>
    </File>
    <File Path="$PSRCDIR/sources_1/new/Instruction_Decoder.vhd">
      <FileInfo>
        <Attr Name="UsedIn" Val="synthesis"/>
        <Attr Name="UsedIn" Val="simulation"/>
      </FileInfo>
    </File>
    <File Path="$PSRCDIR/sources_1/new/Mux_8_way_4_bit.vhd">
      <FileInfo>
        <Attr Name="UsedIn" Val="synthesis"/>
        <Attr Name="UsedIn" Val="simulation"/>
      </FileInfo>
    </File>
    <File Path="$PSRCDIR/sources_1/new/Program_Counter.vhd">
      <FileInfo>
        <Attr Name="UsedIn" Val="synthesis"/>
        <Attr Name="UsedIn" Val="simulation"/>
      </FileInfo>
    </File>
    <File Path="$PSRCDIR/sources_1/new/Program_ROM.vhd">
      <FileInfo>
        <Attr Name="UsedIn" Val="synthesis"/>
        <Attr Name="UsedIn" Val="simulation"/>
      </FileInfo>
    </File>
    <File Path="$PSRCDIR/sources_1/new/RCA_4.vhd">
      <FileInfo>
        <Attr Name="UsedIn" Val="synthesis"/>
        <Attr Name="UsedIn" Val="simulation"/>
      </FileInfo>
    </File>
    <File Path="$PSRCDIR/sources_1/new/Reg.vhd">
      <FileInfo>
        <Attr Name="UsedIn" Val="synthesis"/>
        <Attr Name="UsedIn" Val="simulation"/>
      </FileInfo>
    </File>
    <File Path="$PSRCDIR/sources_1/new/Register_Bank.vhd">
      <FileInfo>
        <Attr Name="UsedIn" Val="synthesis"/>
        <Attr Name="UsedIn" Val="simulation"/>
      </FileInfo>
    </File>
    <File Path="$PSRCDIR/sources_1/new/Slow_Clk.vhd">
      <FileInfo>
        <Attr Name="UsedIn" Val="synthesis"/>
        <Attr Name="UsedIn" Val="simulation"/>
      </FileInfo>
    </File>
    <File Path="$PSRCDIR/sources_1/new/Nano_Processer.vhd">
      <FileInfo>
        <Attr Name="UsedIn" Val="synthesis"/>
        <Attr Name="UsedIn" Val="simulation"/>
      </FileInfo>
    </File>
    <Config>
      <Option Name="DesignMode" Val="RTL"/>
      <Option Name="TopModule" Val="Nano_Processer"/>
      <Option Name="TopAutoSet" Val="TRUE"/>
    </Config>
  </FileSet>
  <FileSet Name="constrs_in" Type="Constrs" RelSrcDir="$PSRCDIR/constrs_1">
    <Filter Type="Constrs"/>
    <File Path="$PPRDIR/Basys3 Labs10.xdc">
      <FileInfo>
        <Attr Name="UsedIn" Val="synthesis"/>
        <Attr Name="UsedIn" Val="implementation"/>
      </FileInfo>
    </File>
    <Config>
      <Option Name="ConstrsType" Val="XDC"/>
    </Config>
  </FileSet>
  <Strategy Version="1" Minor="2">
    <StratHandle Name="Vivado Implementation Defaults" Flow="Vivado Implementation 2018"/>
    <Step Id="init_design"/>
    <Step Id="opt_design"/>
    <Step Id="power_opt_design"/>
    <Step Id="place_design"/>
    <Step Id="post_place_power_opt_design"/>
    <Step Id="phys_opt_design"/>
    <Step Id="route_design"/>
    <Step Id="post_route_phys_opt_design"/>
    <Step Id="write_bitstream"/>
  </Strategy>
</GenRun>
